INSERT INTO product_attribute_values_text (product_id, attribute_id, value)
VALUES (5, 6, 'Google'),
       (6, 6, 'Google'),
       (7, 6, 'Xiaomi'),
       (5, 1, 'Porcelain'),
       (6, 1, 'Rose Gold'),
       (7, 1, 'Black'),
       (5, 7, 'Android 14'),
       (6, 7, 'Android 14'),
       (7, 7, 'HyperOS');

INSERT INTO product_attribute_values_decimal (product_id, attribute_id, value)
VALUES (5, 2, 6.7),
       (6, 2, 6.2),
       (7, 2, 6.36);

INSERT INTO product_attribute_values_boolean (product_id, attribute_id, value)
VALUES (5, 4, TRUE),
       (6, 4, TRUE),
       (7, 4, TRUE),
       (5, 5, TRUE),
       (6, 5, TRUE),
       (7, 5, TRUE);

INSERT INTO product_attribute_values_text (product_id, attribute_id, value)
VALUES (10, 6, 'Samsung'),
       (12, 6, 'Sony'),
       (14, 6, 'LG'),
       (15, 6, 'Philips'),
       (10, 1, 'Black'),
       (12, 1, 'Silver'),
       (14, 1, 'Titanium Gray'),
       (15, 1, 'Silver'),
       (10, 7, 'Tizen'),
       (12, 7, 'Google TV'),
       (14, 7, 'webOS'),
       (15, 7, 'Android TV');

INSERT INTO product_attribute_values_decimal (product_id, attribute_id, value)
VALUES (10, 2, 50.0),
       (12, 2, 55.0),
       (14, 2, 43.0),
       (15, 2, 55.0);

INSERT INTO product_attribute_values_integer (product_id, attribute_id, value)
VALUES (10, 13, 20),
       (12, 13, 30),
       (14, 13, 20),
       (15, 13, 40);

INSERT INTO product_attribute_values_text (product_id, attribute_id, value)
VALUES (1, 6, 'Apple'),
       (2, 6, 'Apple'),
       (3, 6, 'Samsung'),
       (4, 6, 'Samsung'),
       (8, 6, 'Samsung'),
       (1, 1, 'Titanium'),
       (2, 1, 'Blue'),
       (3, 1, 'Black'),
       (8, 1, 'Lilac'),
       (1, 7, 'iOS'),
       (2, 7, 'iOS'),
       (3, 7, 'Android'),
       (8, 7, 'Android');

INSERT INTO product_attribute_values_decimal (product_id, attribute_id, value)
VALUES (1, 2, 6.1),
       (2, 2, 6.1),
       (3, 2, 6.8),
       (4, 2, 6.2),
       (8, 2, 6.4);

INSERT INTO product_attribute_values_boolean (product_id, attribute_id, value)
VALUES (1, 4, TRUE),
       (2, 4, TRUE),
       (3, 4, TRUE),
       (4, 4, TRUE),
       (8, 4, FALSE),
       (1, 5, TRUE),
       (2, 5, TRUE),
       (3, 5, TRUE),
       (4, 5, TRUE),
       (8, 5, TRUE);


INSERT INTO product_attribute_values_text (product_id, attribute_id, value)
VALUES (9, 6, 'Samsung'),
       (11, 6, 'Sony'),
       (13, 6, 'LG'),
       (9, 1, 'Black'),
       (11, 1, 'Silver'),
       (13, 1, 'Dark Gray'),
       (9, 7, 'Tizen'),
       (11, 7, 'Google TV'),
       (13, 7, 'webOS');

INSERT INTO product_attribute_values_decimal (product_id, attribute_id, value)
VALUES (9, 2, 65.0),
       (11, 2, 65.0),
       (13, 2, 55.0);

INSERT INTO product_attribute_values_integer (product_id, attribute_id, value)
VALUES (9, 13, 60),
       (11, 13, 50),
       (13, 13, 40);


INSERT INTO product_attribute_values_text (product_id, attribute_id, value)
VALUES (16, 6, 'Asus'),
       (17, 6, 'MSI'),
       (16, 7, 'Windows 11'),
       (17, 7, 'Windows 11'),
       (16, 15, 'Intel Core i9'),
       (17, 15, 'Intel Core i7'),
       (16, 16, 'RTX 4070'),
       (17, 16, 'RTX 4060');

INSERT INTO product_attribute_values_integer (product_id, attribute_id, value)
VALUES (16, 14, 32),
       (17, 14, 16),
       (16, 17, 240),
       (17, 17, 144);

INSERT INTO product_attribute_values_decimal (product_id, attribute_id, value)
VALUES (16, 2, 16.0),
       (17, 2, 15.6);
